Name,City,Neighborhood,PlaceType,Tier,SentimentScore,CostBasis,OpenLate,CloseToHome,CloseToWork,SafeToLeaveComputer,WalkingFriendlyLocation,ExerciseWellnessAvailable,ChargedLaptopBrickOnly,Attributes,CriticalFieldNotes,Status
Griffin Club Los Angeles,Los Angeles,Cheviot Hills,Club,Elite,10,Membership only (no public day passes),True,False,True,True,False,True,False,"âš¡ï¸ Power Heavy, ğŸš— Easy Parking, ğŸª‘ Ergonomic, ğŸ—£ï¸ Body Doubling, ğŸ½ï¸ Real Food, ğŸ“ Call Friendly, ğŸ’ Luxury",Private-club 'Griffin Standard': multiple lounges and terraces with strong wifi and plentiful outlets; incredible allâ€‘day work base if youâ€™re a member.,Verified Open
Santa Monica Proper Hotel (Lobby & Rooftop),Los Angeles,Santa Monica,Hotel Lobby,Elite,9,Hotel lobby (buy food/drink; optional ResortPass-style daycation; paid parking),True,False,False,False,True,True,False,"âš¡ï¸ Power Heavy, ğŸª‘ Ergonomic, ğŸ—£ï¸ Body Doubling, ğŸ½ï¸ Real Food, ğŸ“ Call Friendly, ğŸŒ¤ï¸ Patio Power, ğŸŸï¸ Day Pass, ğŸ’ Luxury","Design-forward lobby intentionally used for remote work with strong wifi, lots of plush plugâ€‘in seating and optional day passes; only real tax is pricey food/parking.",Verified Open
Viceroy Santa Monica (Lobby & Pool Deck),Los Angeles,Santa Monica,Hotel Lobby,Elite,8,Hotel lobby (buy food/drink; valet/garage parking),True,False,False,False,True,True,False,"ğŸ—£ï¸ Body Doubling, ğŸ½ï¸ Real Food, ğŸ“ Call Friendly, ğŸŒ¤ï¸ Patio Power, ğŸ’ Luxury","Boutique lobby and pool area with good wifi and full menu; excellent for 2â€“3 hour working blocks, but evenings get social and noisy.",Verified Open
Marriott Marina del Rey (Lobby),Los Angeles,Marina del Rey,Hotel Lobby,Elite,7,Hotel lobby (buy food/drink; paid parking; best if youâ€™re a guest),True,False,False,False,True,True,False,"ğŸ—£ï¸ Body Doubling, ğŸ½ï¸ Real Food, ğŸ“ Call Friendly, ğŸ’ Luxury","Business-hotel lobby with bar seating, wifi and plenty of soft chairs; a solid neutral meetâ€‘up spot but not purpose-built as a work lounge.",Verified Open
The Shay (Lobby & Canopy Club Areas),Los Angeles,Culver City,Hotel Lobby,Elite,8,Hotel lobby/rooftop (order food/drink; paid Ivy Station garage),True,False,False,False,True,True,False,"ğŸ—£ï¸ Body Doubling, ğŸ½ï¸ Real Food, ğŸ“ Call Friendly, ğŸŒ¤ï¸ Patio Power, ğŸ’ Luxury","Designâ€‘y Culver hotel whose lobby behaves like a cowork space; strong wifi and lots of small tables, but youâ€™re expected to keep ordering and use the garage.",Verified Open
BLANKSPACES Venice,Los Angeles,Venice,Coworking Space,Elite,9,Day pass (~$35 WorkCafÃ©) or membership,False,False,False,True,True,False,False,"âš¡ï¸ Power Heavy, ğŸª‘ Ergonomic, ğŸ—£ï¸ Body Doubling, ğŸ“ Call Friendly, ğŸŸï¸ Day Pass","Abbotâ€‘adjacent cowork where a WorkCafÃ© pass buys you fast wifi, lots of outlets and a friendly creative crowd; great when you want guaranteed seating.",Verified Open
BLANKSPACES Santa Monica (Main St),Los Angeles,Santa Monica,Coworking Space,Elite,8.5,Day pass (~$35 WorkCafÃ©) or membership,False,False,False,True,True,False,False,"âš¡ï¸ Power Heavy, ğŸª‘ Ergonomic, ğŸ—£ï¸ Body Doubling, ğŸ“ Call Friendly, ğŸŸï¸ Day Pass","Beachâ€‘adjacent cowork with ergonomic desks and reliable wifi; can feel tight on days when teams camp all day, but reliability is very high.",Verified Open
BLANKSPACES Culver City,Los Angeles,Culver City,Coworking Space,Elite,9,Day pass (~$35 WorkCafÃ©) or membership,False,False,True,True,True,False,False,"âš¡ï¸ Power Heavy, ğŸª‘ Ergonomic, ğŸ—£ï¸ Body Doubling, ğŸ“ Call Friendly, ğŸŸï¸ Day Pass","Downtown Culver cowork hub with power at every desk, solid sound management and strong startupâ€‘y bodyâ€‘doubling energy.",Verified Open
BizHaus Marina del Rey,Los Angeles,Marina del Rey,Coworking Space,Elite,9,"Day pass / flex membership (includes wifi, coffee, parking)",False,False,False,True,False,False,False,"âš¡ï¸ Power Heavy, ğŸš— Easy Parking, ğŸª‘ Ergonomic, ğŸ—£ï¸ Body Doubling, ğŸ“ Call Friendly, ğŸŸï¸ Day Pass","Warehouseâ€‘style cowork with highâ€‘speed internet, onâ€‘site parking and a creativeâ€‘tech crowd; excellent when you want a stable desk all day.",Verified Open
LAX Coworking,Los Angeles,Westchester,Coworking Space,Elite,9,Affordable day pass via Westchester Chamber or memberships,False,True,False,True,False,False,False,"âš¡ï¸ Power Heavy, ğŸš— Easy Parking, ğŸª‘ Ergonomic, ğŸ—£ï¸ Body Doubling, ğŸ“ Call Friendly, ğŸŸï¸ Day Pass","Airportâ€‘adjacent cowork that routinely gets called out as the best LAXâ€‘area workspace: fast wifi, lots of plugs and genuinely easy parking.",Verified Open
Santa Monica Public Library (Main),Los Angeles,Santa Monica,Library,Reliable,8,Free (no purchase; public library),False,False,False,False,True,False,False,"ğŸ§˜ Deep Focus, ğŸŒ¤ï¸ Patio Power","Quiet, powerâ€‘rich reading rooms plus a courtyard wifi signal; perfect when you want deepâ€‘focus script work and donâ€™t need calls or coffee.",Verified Open
Culver Hotel (Lobby),Los Angeles,Culver City,Hotel Lobby,Reliable,7.5,Hotel bar (order food/drink; valet/garage nearby),True,False,True,False,True,False,False,"ğŸ—£ï¸ Body Doubling, ğŸ½ï¸ Real Food, ğŸ“ Call Friendly, ğŸŒ™ Night Owl, ğŸ’ Luxury","Historic lobby bar with wifi and plush seating; welcoming to laptops in offâ€‘peak hours but loud and serviceâ€‘driven at night, so best used midâ€‘day.",Verified Open
Hotel June (Lobby & Caravan Swim Club),Los Angeles,Westchester,Hotel Lobby,Elite,8,Hotel lobby/restaurant (buy food/drink; valet or garage parking),True,True,False,False,False,True,False,"ğŸ—£ï¸ Body Doubling, ğŸ½ï¸ Real Food, ğŸ“ Call Friendly, ğŸŒ¤ï¸ Patio Power, ğŸ’ Luxury","Boho LAXâ€‘side hotel; lobby and pool area have strong wifi and relaxed staff attitudes toward laptops if youâ€™re ordering, with the added bonus of easy access to a pool and bar.",Verified Open
Capital One CafÃ©,Los Angeles,Santa Monica,Bank Cafe,Elite,9,Free seating with purchase (discounts for Capital One cardholders),False,False,False,False,True,False,False,"âš¡ï¸ Power Heavy, ğŸª‘ Ergonomic, ğŸ—£ï¸ Body Doubling","Bankâ€‘meetsâ€‘cafÃ© work hub downtown: free wifi, outlets at most seats and big communal tables; extremely functional if a bit corporate.",Verified Open
La La Land Kind Cafe (Montana),Los Angeles,Santa Monica,Cafe,Reliable,8,Free seating with purchase,False,False,False,False,True,False,False,"ğŸ—£ï¸ Body Doubling, â˜•ï¸ Elite Coffee","Highâ€‘design, very social Montana Ave spot with strong wifi and lots of laptop users; great for energizing work but can be loud and busy.",Verified Open
Bodega Wine Bar,Los Angeles,Santa Monica,Cafe/Restaurant,Reliable,8,Free daytime seating with purchase (shifts to wine bar at night),True,False,False,False,True,False,False,"ğŸª‘ Ergonomic, ğŸ—£ï¸ Body Doubling, ğŸ½ï¸ Real Food, ğŸŒ™ Night Owl","By day, a comfy coffee lounge with wifi and outlets along walls; by night, a proper wine barâ€”so treat it as an afternoon base, not a midnight office.",Verified Open
goodboybob Coffee Roasters,Los Angeles,Santa Monica,Cafe,Elite,8.5,Free seating with purchase (premium pricing),False,False,False,False,True,False,True,"ğŸ—£ï¸ Body Doubling, ğŸŒ¤ï¸ Patio Power, â˜•ï¸ Elite Coffee","Hiddenâ€‘courtyard roastery with topâ€‘tier beans and a laptopâ€‘heavy clientele; wifi is excellent but most outlets are along walls, so best if you arrive reasonably charged.",Verified Open
Gnarwhal Coffee,Los Angeles,Santa Monica,Cafe,Reliable,7.5,Free seating with purchase,False,False,False,False,True,False,True,"ğŸ—£ï¸ Body Doubling, ğŸŒ… Early Bird, â˜•ï¸ Elite Coffee",Small but beloved Main St shop with free wifi and great drinks; limited outlets mean itâ€™s ideal for a 60â€“90 minute chargedâ€‘battery sprint.,Verified Open
The Cowâ€™s End Cafe (Upstairs Loft),Los Angeles,Venice,Cafe,Elite,8.5,Free seating with purchase,True,False,False,False,True,False,False,"ğŸ—£ï¸ Body Doubling, ğŸŒ¤ï¸ Patio Power, ğŸŒ… Early Bird, ğŸŒ™ Night Owl","Legendary Venice surf cafe; the upstairs loft has real bodyâ€‘doubling energy, wifi and decent outlet access, while downstairs stays touristâ€‘chaotic.",Verified Open
Companion,Los Angeles,Venice,Cafe/Restaurant,Elite,8,Free daytime seating with purchase; dinner service is restaurantâ€‘mode,True,False,False,False,True,False,False,"ğŸ—£ï¸ Body Doubling, ğŸ½ï¸ Real Food, â˜•ï¸ Elite Coffee","Allâ€‘day cafÃ© on Lincoln thatâ€™s explicitly recommended for work/study by day, then becomes a buzzy restaurant/wine bar at night.",Verified Open
Deus Ex Machina (Venice Emporium),Los Angeles,Venice,Cafe,Reliable,7,Free seating with purchase,False,False,False,False,True,True,True,"ğŸ—£ï¸ Body Doubling, ğŸŒ¤ï¸ Patio Power, â˜•ï¸ Elite Coffee","Motoâ€‘surf clubhouse with communal tables and fast wifi; multiple guides note limited outlets, so itâ€™s a fantastic creative sprint spot if you arrive charged.",Verified Open
Superba Food + Bread (Venice),Los Angeles,Venice,Cafe/Restaurant,Elite,8,Free seating with purchase (full restaurant menu),False,False,False,False,True,False,True,"ğŸ—£ï¸ Body Doubling, ğŸ½ï¸ Real Food, ğŸŒ¤ï¸ Patio Power, ğŸš— Easy Parking","Huge, airy restaurantâ€‘bakery with strong wifi and good bar/bench seating; power is mostly under certain seats, so treat it as batteryâ€‘friendly, not plugâ€‘rich.",Verified Open
Lo/Cal Coffee & Market,Los Angeles,Santa Monica,Cafe,Reliable,7.5,Free seating with purchase,False,False,False,False,True,False,True,"ğŸ§˜ Deep Focus, ğŸŒ¤ï¸ Patio Power","Calmer Picoâ€‘corridor cafe with good wifi and a smaller, more local crowd; a few outlets along walls mean itâ€™s better when you come partially charged.",Verified Open
Layla Bagels & Coffee,Los Angeles,Santa Monica,Cafe,Reliable,7,Free seating with purchase,False,False,False,False,True,False,True,"ğŸ—£ï¸ Body Doubling, ğŸŒ… Early Bird, ğŸŒ¤ï¸ Patio Power","Ocean Park bagel shop that appears on study/wifi lists; great for earlyâ€‘morning laptop + breakfast, but patio seats and outlets are limited.",Verified Open
Dogtown Coffee (Main St),Los Angeles,Santa Monica,Cafe,Elite,8.5,Free seating with purchase,False,False,False,False,True,False,False,"ğŸ—£ï¸ Body Doubling, ğŸŒ¤ï¸ Patio Power, ğŸŒ… Early Bird, â˜•ï¸ Elite Coffee","Surfâ€‘heritage shop whose own marketing leans into remote work: strong wifi and good coffee, but small footprint and long lines make timing crucial.",Verified Open
Groundwork Coffee (Rose Ave),Los Angeles,Venice,Cafe,Elite,9,Free seating with purchase,False,False,False,False,True,False,False,"âš¡ï¸ Power Heavy, ğŸ—£ï¸ Body Doubling, ğŸŒ¤ï¸ Patio Power, ğŸŒ… Early Bird, â˜•ï¸ Elite Coffee","One of Veniceâ€™s most reliable work cafÃ©s: big patio, many plugs and very dependable wifi with a crowd thatâ€™s almost all laptops and meetings.",Verified Open
Saba Surf Cafe,Los Angeles,Mar Vista,Cafe,Elite,8.5,Free seating with purchase,False,False,False,False,True,True,False,"ğŸ—£ï¸ Body Doubling, ğŸŒ¤ï¸ Patio Power, ğŸŒ… Early Bird, â˜•ï¸ Elite Coffee",Surfâ€‘themed flagship on Venice Blvd that doubles as a community and wellness hub; strong wifi and creative energy make it a great ADHDâ€‘friendly base.,Verified Open
Sachi.LA,Los Angeles,Mar Vista,Cafe,Elite,9,Free seating with purchase,False,False,False,False,True,False,False,"ğŸ—£ï¸ Body Doubling, ğŸ§˜ Deep Focus, ğŸŒ¤ï¸ Patio Power, â˜•ï¸ Elite Coffee","Plantâ€‘filled coffee + retail space that locals explicitly recommend for laptops: calm but social, with good wifi and outlet access.",Verified Open
Alanaâ€™s Coffee Roasters (Mar Vista),Los Angeles,Mar Vista,Cafe,Elite,9,Free seating with purchase,False,False,False,False,True,False,False,"ğŸ—£ï¸ Body Doubling, ğŸŒ¤ï¸ Patio Power, ğŸŒ… Early Bird, â˜•ï¸ Elite Coffee","Roastery on Venice Blvd with big patio, fast wifi and plenty of people working; best early in the day before the sun and crowds peak.",Verified Open
Coffee Connection / Awaken Cafe,Los Angeles,Mar Vista,Cafe,Elite,9,Free seating with purchase,False,False,False,False,False,False,False,"âš¡ï¸ Power Heavy, ğŸš— Easy Parking, ğŸ§˜ Deep Focus, ğŸŒ¤ï¸ Patio Power","Sprawling churchâ€‘courtyard cafÃ© with tons of seating, excellent outlet strips and famously easy parking; ideal for fullâ€‘day laptop camping.",Verified Open
310 Coffee Company,Los Angeles,Mar Vista,Cafe,Reliable,7.5,Free seating with purchase,False,False,False,False,False,False,False,ğŸ§˜ Deep Focus,"Quiet neighborhood shop with solid wifi and a mellow crowd; seating and outlets are limited, so itâ€™s best for shorter deepâ€‘focus blocks.",Verified Open
Lodge Bread (Washington Blvd),Los Angeles,Palms,Cafe/Restaurant,Reliable,7,Free seating with purchase (full kitchen),False,False,False,False,True,False,False,"ğŸ—£ï¸ Body Doubling, ğŸ½ï¸ Real Food, ğŸŒ¤ï¸ Patio Power","Ridiculously good bread and a lively lunch rush; wifi works but outlets and table time are precious, so treat it as a lunch + shortâ€‘work session stop.",Verified Open
Super Domestic Coffee,Los Angeles,Culver City,Cafe,Reliable,8,Free seating with purchase,False,False,False,False,True,False,False,"ğŸ—£ï¸ Body Doubling, ğŸŒ¤ï¸ Patio Power, â˜•ï¸ Elite Coffee","Cyclistâ€‘centric cafÃ© with outdoorâ€‘friendly vibe and fast wifi; good for a couple hours of work, especially on nonâ€‘race mornings.",Verified Open
Equator Coffees (Ivy Station),Los Angeles,Culver City,Cafe,Elite,8.5,Free seating with purchase (plaza seating; paid garage),False,False,False,False,True,False,False,"ğŸ—£ï¸ Body Doubling, ğŸŒ¤ï¸ Patio Power, â˜•ï¸ Elite Coffee, ğŸ“ Call Friendly",Equatorâ€™s Ivy Station outpost with strong wifi and a mix of indoor and plaza tables; great for stacking meetings before/after train rides.,Verified Open
Village Well Books & Coffee,Los Angeles,Culver City,Bookstore Cafe,Reliable,7,Free seating with purchase,False,False,True,False,True,False,False,"ğŸ—£ï¸ Body Doubling, ğŸ§˜ Deep Focus","Community bookstoreâ€‘cafÃ© with free wifi and laptop zones, but policy now restricts computers to certain tables, so itâ€™s better for 1â€“2 hour stints than dayâ€‘long camps.",Verified Open
Coffee Commissary (Motor Ave),Los Angeles,Palms,Cafe,Elite,8,Free seating with purchase,False,False,True,False,True,False,False,"ğŸ—£ï¸ Body Doubling, ğŸŒ¤ï¸ Patio Power, â˜•ï¸ Elite Coffee","Pico/Motor workhorse with strong espresso, decent outlets and a regular laptop crowd; parking is meters out front plus nearby residential side streets.",Verified Open
Cognoscenti Coffee (Culver Arts District),Los Angeles,Culver City,Cafe,Reliable,7.5,Free seating with purchase,False,False,False,False,True,False,False,"ğŸ§˜ Deep Focus, â˜•ï¸ Elite Coffee","Designâ€‘driven microâ€‘cafÃ©; early writeâ€‘ups noted no wifi, but current Culver location offers free wifi and enough outlets for short, focused laptop sessions.",Verified Open
Boy & The Bear (Westchester),Los Angeles,Westchester,Cafe,Elite,8.5,Free seating with purchase,False,True,False,False,False,False,False,"ğŸš— Easy Parking, ğŸ—£ï¸ Body Doubling, ğŸŒ… Early Bird, â˜•ï¸ Elite Coffee","Colombian roastery with serious coffee, easy lot/streetside parking and a steady laptop crowd; seating isnâ€™t huge, so morning arrival is your friend.",Verified Open
Boy & The Bear (Culver/Playa Vista),Los Angeles,Culver City,Cafe,Reliable,8,Free seating with purchase,False,False,False,False,True,False,False,"ğŸ—£ï¸ Body Doubling, ğŸŒ… Early Bird, â˜•ï¸ Elite Coffee",Sister shop near Culver/Playa with similar roastâ€‘forward focus and a regular remoteâ€‘work crowd; strong choice when youâ€™re on that side of the 90.,Verified Open
Cafe Ruisseau (Playa Vista),Los Angeles,Playa Vista,Cafe,Elite,8.5,Free seating with purchase (garage/lot parking nearby),False,False,False,False,True,False,False,"ğŸ—£ï¸ Body Doubling, ğŸŒ¤ï¸ Patio Power, ğŸŒ… Early Bird, â˜•ï¸ Elite Coffee","Runway Playa Vista favorite with indoor/outdoor seating, free wifi and lots of people studying or working; think of it as the campus cafÃ© for the tech park.",Verified Open
Upside Down,Los Angeles,Westwood,Cafe,Elite,8.5,Donationâ€‘based / payâ€‘whatâ€‘youâ€‘can coffee model,False,False,True,False,True,False,False,"âš¡ï¸ Power Heavy, ğŸ§˜ Deep Focus, â˜•ï¸ Elite Coffee","Nonprofit artâ€‘space cafÃ© with a strong student presence, plenty of outlets and solid wifi; one of the best quiet laptop bases in Westwood Village.",Verified Open
Ministry of Coffee (Westwood),Los Angeles,Westwood,Cafe,Elite,8,Free seating with purchase,False,False,True,False,True,False,False,"ğŸ§˜ Deep Focus, â˜•ï¸ Elite Coffee","Australianâ€‘style spot with quieter, studyâ€‘oriented energy; good wifi and food options make it a strong alternative to the more chaotic chains nearby.",Verified Open
Espressoteric Coffee Co.,Los Angeles,Westwood,Cafe,Reliable,7.5,Free seating with purchase,False,False,True,False,True,False,False,"ğŸ§˜ Deep Focus, â˜•ï¸ Elite Coffee","Tiny specialty spot with a couple of laptopâ€‘suitable seats and good wifi; ideal for short, intense writing bursts rather than halfâ€‘day stays.",Verified Open
Alfred Coffee (Westwood),Los Angeles,Westwood,Cafe,Reliable,7,Free seating with purchase,False,False,True,False,True,False,True,"ğŸ—£ï¸ Body Doubling, â˜•ï¸ Elite Coffee","Trendy, highâ€‘traffic shop with strong wifi and lots of people on laptops but very few outlets; works for sprints if you come with a charged brick.",Verified Open
